{"cameraMode":{"drawMode":0,"name":"Shaded","section":"Shading Mode"},"sceneLighting":false,"audioPlay":false,"sceneViewState":{"showFog":true,"showMaterialUpdate":true,"showSkybox":false,"showFlares":true,"showImageEffects":true,"showParticleSystems":true},"in2DMode":false,"pivot":{"x":0.3050000071525574,"y":-0.047617197036743167,"z":0.0},"rotation":{"x":-0.03252676501870155,"y":0.21479059755802155,"z":-0.007153657265007496,"w":-0.9761043787002564},"size":0.3715563714504242,"orthographic":true}